time,open,high,low,close,volume,hold
2009/3/27,3550,3663,3513,3561,354590,45548
2009/3/30,3550,3580,3528,3544,145168,48380
2009/3/31,3538,3566,3531,3549,70592,44714
2009/4/1,3560,3561,3543,3547,28100,42076
2009/4/2,3545,3548,3456,3473,235446,68888
2009/4/3,3481,3481,3436,3448,152376,75038
2009/4/7,3410,3518,3410,3491,242578,100482
2009/4/8,3480,3491,3456,3463,146958,91910
2009/4/9,3476,3486,3460,3468,87688,94832
2009/4/10,3483,3499,3470,3484,120978,100164
2009/4/13,3485,3493,3464,3469,109680,109430
2009/4/14,3475,3600,3469,3560,540646,150640
2009/4/15,3570,3590,3550,3562,255606,151496
2009/4/16,3582,3628,3570,3596,250464,169328
2009/4/17,3594,3648,3581,3620,339250,219892
2009/4/20,3620,3648,3608,3623,257054,237828
2009/4/21,3580,3590,3486,3524,332448,239554
2009/4/22,3550,3566,3508,3526,168524,232948
2009/4/23,3529,3531,3488,3513,130386,232986
2009/4/24,3513,3522,3497,3501,101444,246048
2009/4/27,3510,3520,3492,3499,102472,254508
2009/4/28,3496,3515,3496,3507,96548,262534
2009/4/29,3507,3520,3503,3520,102694,275054
2009/4/30,3536,3575,3523,3553,246912,297600
2009/5/4,3573,3660,3571,3636,574332,326102
2009/5/5,3636,3644,3570,3577,175954,309944
2009/5/6,3578,3598,3573,3594,103788,313462
2009/5/7,3628,3630,3591,3593,150420,319090
2009/5/8,3599,3616,3589,3614,103620,323154
2009/5/11,3615,3678,3606,3639,335082,339154
2009/5/12,3645,3660,3630,3645,193634,339446
2009/5/13,3655,3657,3634,3639,118636,340500
2009/5/14,3616,3620,3590,3594,139572,336300
2009/5/15,3600,3618,3596,3604,132292,338078
2009/5/18,3595,3612,3581,3608,104746,336750
2009/5/19,3630,3630,3611,3618,95620,335490
2009/5/20,3616,3644,3612,3618,118774,337480
2009/5/21,3620,3642,3618,3624,117628,341848
2009/5/22,3619,3627,3608,3618,60222,340042
2009/5/25,3629,3629,3600,3609,95810,353156
2009/5/26,3609,3620,3596,3601,114194,342966
2009/5/27,3628,3628,3606,3610,46518,336726
2009/6/1,3630,3657,3622,3647,193008,345990
2009/6/2,3660,3682,3652,3655,199148,343720
2009/6/3,3659,3672,3656,3670,105466,344674
2009/6/4,3650,3712,3645,3700,370954,364312
2009/6/5,3721,3778,3720,3756,267786,346124
2009/6/8,3755,3793,3747,3788,293778,349442
2009/6/9,3797,3807,3768,3779,214676,345982
2009/6/10,3792,3813,3774,3808,238210,350576
2009/6/11,3810,3940,3807,3878,634152,379366
2009/6/12,3888,3928,3835,3864,588842,356098
2009/6/15,3855,3877,3823,3849,366022,347822
2009/6/16,3829,3882,3828,3865,358246,343406
2009/6/17,3861,3878,3841,3852,212522,336914
2009/6/18,3852,3865,3830,3842,188838,324540
2009/6/19,3852,3920,3846,3907,556782,347244
2009/6/22,3908,3936,3900,3919,486210,351602
2009/6/23,3898,3900,3835,3881,481544,353118
2009/6/24,3888,3897,3858,3870,278854,360512
2009/6/25,3862,3888,3858,3866,281842,364480
2009/6/26,3870,3887,3846,3854,370288,386812
2009/6/29,3846,3853,3823,3829,269442,347228
2009/6/30,3832,3840,3817,3826,195086,328402
2009/7/1,3826,3845,3820,3839,204968,350394
2009/7/2,3856,3878,3845,3867,270952,360910
2009/7/3,3867,3883,3858,3859,255284,337062
2009/7/6,3858,3874,3855,3866,124140,317320
2009/7/7,3876,3880,3864,3870,75408,292496
2009/7/8,3861,3870,3837,3850,91018,265660
2009/7/9,3841,3868,3841,3865,54998,245964
2009/7/10,3874,3892,3865,3882,105188,207008
2009/7/13,3891,3913,3881,3886,75444,167128
2009/7/14,3902,3908,3890,3901,45758,145778
2009/7/15,3907,3975,3907,3973,63172,123404
2009/7/16,3989,4028,3967,4001,68932,107720
2009/7/17,4001,4012,3975,3978,28810,104152
2009/7/20,4016,4031,4006,4029,236266,331820
2009/7/21,4038,4045,4014,4034,257934,313618
2009/7/22,4044,4088,4036,4072,385238,323830
2009/7/23,4088,4124,4076,4122,374508,335622
2009/7/24,4125,4198,4120,4184,491822,366596
2009/7/27,4198,4258,4178,4236,703260,357310
2009/7/28,4235,4336,4218,4331,804126,367064
2009/7/29,4333,4416,4304,4392,1523852,381370
2009/7/30,4410,4449,4361,4444,1242210,397818
2009/7/31,4482,4627,4455,4627,1169890,322324
2009/8/3,4777,4857,4730,4857,780966,279200
2009/8/4,4970,4982,4828,4848,521860,203242
2009/8/5,4872,4938,4820,4883,373850,167754
2009/8/6,4890,4913,4839,4899,198220,157134
2009/8/7,4885,4904,4690,4754,286504,147908
2009/8/10,4658,4725,4556,4642,2447234,545680
2009/8/11,4618,4675,4603,4658,1560460,574404
2009/8/12,4645,4662,4564,4591,1695626,586680
2009/8/13,4621,4679,4602,4617,1571528,609950
2009/8/14,4620,4640,4461,4512,1802234,617946
2009/8/17,4443,4537,4365,4436,2215634,677222
2009/8/18,4475,4499,4392,4416,1939468,699532
2009/8/19,4400,4414,4219,4219,2016294,773276
2009/8/20,4240,4317,4131,4283,3422102,737710
2009/8/21,4270,4426,4245,4334,3726314,584028
2009/8/24,4451,4462,4306,4323,2943276,711510
2009/8/25,4280,4280,4181,4240,2379552,713656
2009/8/26,4210,4296,4202,4269,2537210,713672
2009/8/27,4250,4312,4223,4271,2480188,664620
2009/8/28,4288,4333,4250,4272,2079554,551250
2009/8/31,4261,4271,4115,4133,1196214,457776
2009/9/1,4098,4127,4054,4075,2298522,565666
2009/9/2,4020,4079,4011,4032,2495062,655448
2009/9/3,4041,4075,4003,4049,2692972,785996
2009/9/4,4055,4068,4015,4031,2149974,743134
2009/9/7,4018,4018,3908,3919,2319506,813362
2009/9/8,3898,3959,3880,3944,2940662,856186
2009/9/9,3960,4048,3955,4044,3511382,822244
2009/9/10,4060,4078,4003,4007,3042352,820362
2009/9/11,4000,4025,3957,3972,2300404,771010
2009/9/14,3927,3975,3900,3973,2204152,826866
2009/9/15,3993,3996,3951,3967,2442764,851042
2009/9/16,3985,4040,3966,4036,2972124,945416
2009/9/17,4050,4065,3990,3990,2894650,845812
2009/9/18,3981,3997,3937,3973,2542940,809736
2009/9/21,3970,4007,3961,3989,2124888,792970
2009/9/22,3977,3989,3953,3956,1579692,796146
2009/9/23,3958,3964,3890,3891,1982280,763850
2009/9/24,3881,3882,3813,3854,1994462,654936
2009/9/25,3830,3847,3811,3825,1428766,575450
2009/9/28,3812,3815,3637,3659,1576644,464788
2009/9/29,3667,3709,3627,3694,955326,389472
2009/9/30,3699,3725,3670,3690,502604,348808
2009/10/9,3738,3740,3640,3644,389490,353624
2009/10/12,3634,3700,3610,3695,2780278,846648
2009/10/13,3690,3707,3657,3665,3021334,957126
2009/10/14,3655,3693,3652,3678,1978512,933878
2009/10/15,3679,3758,3678,3756,3455848,1030266
2009/10/16,3761,3829,3760,3829,3382296,1021444
2009/10/19,3830,3961,3830,3865,4873370,928462
2009/10/20,3880,3899,3810,3842,4400712,956600
2009/10/21,3838,3894,3826,3887,4327680,1074998
2009/10/22,3920,3940,3854,3855,3798008,941386
2009/10/23,3860,3912,3855,3891,3262858,962532
2009/10/26,3898,4005,3898,4001,3803970,986416
2009/10/27,3988,4014,3952,3971,4219748,933452
2009/10/28,3968,3968,3858,3865,3985220,974492
2009/10/29,3820,3854,3787,3835,3560734,947758
2009/10/30,3879,3895,3845,3875,3493144,889906
2009/11/2,3843,3916,3828,3910,3874360,978936
2009/11/3,3910,3940,3876,3881,3823694,912700
2009/11/4,3886,3903,3866,3889,2265846,839078
2009/11/5,3880,3895,3878,3885,1028068,672212
2009/11/6,3890,3896,3876,3890,500226,500580
2009/11/9,3890,3945,3888,3927,432474,396412
2009/11/10,4128,4144,4078,4081,4093486,925730
2009/11/11,4094,4114,4060,4066,3384350,826464
2009/11/12,4074,4085,4033,4048,2801338,840876
2009/11/13,4031,4071,4007,4069,3108858,870484
2009/11/16,4071,4085,4051,4057,2375782,843940
2009/11/17,4075,4079,4033,4040,1720030,824616
2009/11/18,4046,4053,4029,4045,1227332,742162
2009/11/19,4038,4137,4035,4115,2827416,800276
2009/11/20,4130,4156,4086,4109,2400314,789772
2009/11/23,4122,4193,4117,4186,2460280,859780
2009/11/24,4170,4198,4092,4118,2614316,750970
2009/11/25,4129,4140,4103,4129,1586646,705540
2009/11/26,4140,4157,4064,4077,1528990,624078
2009/11/27,4052,4055,3915,3939,1439740,453332
2009/11/30,3973,4010,3942,3958,551454,386178
2009/12/1,4390,4408,4331,4367,2929698,572052
2009/12/2,4388,4409,4361,4377,2660750,636968
2009/12/3,4383,4396,4366,4385,2102022,608046
2009/12/4,4368,4381,4336,4374,2500528,641718
2009/12/7,4354,4395,4354,4373,1983820,664010
2009/12/8,4380,4385,4288,4318,2779118,732298
2009/12/9,4284,4290,4246,4267,1871676,735304
2009/12/10,4267,4337,4250,4334,3354396,839430
2009/12/11,4350,4401,4350,4396,3160862,865224
2009/12/14,4400,4433,4331,4430,2822038,956258
2009/12/15,4430,4438,4384,4394,2691114,978684
2009/12/16,4387,4419,4370,4392,1644196,970528
2009/12/17,4415,4431,4375,4386,1735560,931778
2009/12/18,4350,4389,4349,4379,1061746,852086
2009/12/21,4389,4418,4372,4418,1170240,909188
2009/12/22,4411,4438,4403,4405,1933556,916252
2009/12/23,4410,4427,4393,4408,1166438,892398
2009/12/24,4428,4478,4413,4461,1507386,1018962
2009/12/25,4461,4478,4442,4459,1129794,957350
2009/12/28,4465,4538,4463,4525,1346854,1028662
2009/12/29,4525,4547,4488,4499,1430618,996206
2009/12/30,4497,4515,4477,4486,973818,952476
2009/12/31,4495,4518,4486,4511,976200,911846
2010/1/4,4523,4610,4523,4579,1809996,965458
2010/1/5,4592,4606,4572,4589,1320756,987708
2010/1/6,4587,4635,4581,4622,1481228,1027884
2010/1/7,4641,4650,4389,4489,2196160,932514
2010/1/8,4505,4510,4412,4462,1520076,894544
2010/1/11,4495,4518,4475,4516,1130570,939144
2010/1/12,4505,4528,4480,4510,1176288,957810
2010/1/13,4420,4460,4354,4418,1461688,906786
2010/1/14,4450,4464,4430,4433,1076498,938680
2010/1/15,4419,4436,4355,4368,1276950,939862
2010/1/18,4339,4399,4310,4395,1148302,943604
2010/1/19,4405,4418,4361,4382,1236092,888684
2010/1/20,4392,4394,4341,4364,1243448,847790
2010/1/21,4337,4366,4326,4352,960118,862226
2010/1/22,4319,4335,4257,4288,1207020,856708
2010/1/25,4280,4295,4265,4278,870946,874294
2010/1/26,4286,4290,4258,4265,818680,852992
2010/1/27,4275,4327,4265,4316,1452742,891916
2010/1/28,4260,4319,4255,4293,1793390,914470
2010/1/29,4281,4315,4276,4300,1234868,870164
2010/2/1,4317,4334,4276,4295,1156486,861912
2010/2/2,4316,4323,4126,4159,2453186,825676
2010/2/3,4175,4188,4136,4180,1448904,802842
2010/2/4,4150,4158,4093,4115,1152398,775898
2010/2/5,4090,4110,4066,4109,849138,711780
2010/2/8,4120,4139,4103,4129,577962,685168
2010/2/9,4123,4166,4115,4157,617652,690518
2010/2/10,4172,4219,4156,4198,732940,680758
2010/2/11,4210,4236,4190,4229,497494,676876
2010/2/12,4246,4299,4233,4293,599774,656346
2010/2/22,4330,4376,4229,4243,1055136,710878
2010/2/23,4240,4297,4220,4283,1147210,798784
2010/2/24,4261,4281,4233,4253,1098624,824246
2010/2/25,4258,4263,4191,4209,929826,790336
2010/2/26,4208,4219,4175,4214,703304,727690
2010/3/1,4233,4256,4190,4209,520590,697674
2010/3/2,4202,4208,4151,4155,425640,635048
2010/3/3,4173,4173,4133,4143,234628,618836
2010/3/4,4150,4158,4135,4141,231868,585416
2010/3/5,4140,4172,4135,4168,233628,567908
2010/3/8,4171,4205,4165,4189,268998,534642
2010/3/9,4615,4648,4596,4636,1233638,690336
2010/3/10,4642,4664,4619,4649,1473124,715950
2010/3/11,4657,4673,4603,4652,2179364,808320
2010/3/12,4669,4678,4647,4658,1492582,840734
2010/3/15,4661,4675,4634,4660,1417516,816388
2010/3/16,4650,4794,4646,4780,3010260,1017718
2010/3/17,4799,4828,4741,4763,3359552,1148228
2010/3/18,4756,4772,4730,4733,2106268,1083410
2010/3/19,4736,4767,4721,4757,1684262,1095246
2010/3/22,4751,4812,4751,4768,2049968,1112354
2010/3/23,4777,4788,4738,4742,1517210,1117220
2010/3/24,4750,4785,4731,4778,1723924,1056760
2010/3/25,4790,4814,4771,4796,1511786,1088852
2010/3/26,4801,4848,4787,4793,2573042,1136328
2010/3/29,4812,4825,4782,4810,1763838,1157194
2010/3/30,4815,4829,4755,4761,1950698,1182328
2010/3/31,4766,4775,4744,4755,1408260,1114870
2010/4/1,4765,4766,4725,4753,1429706,1105836
2010/4/2,4763,4788,4758,4786,1031424,1080974
2010/4/6,4799,4832,4794,4824,1307376,1084112
2010/4/7,4839,4854,4829,4846,1288222,1181006
2010/4/8,4843,4846,4801,4810,1165992,1224320
2010/4/9,4816,4850,4805,4848,1302658,1232048
2010/4/12,4865,4885,4853,4872,1533734,1251714
2010/4/13,4865,4898,4863,4881,1749724,1282594
2010/4/14,4890,4896,4852,4854,1743728,1408238
2010/4/15,4852,4863,4812,4819,1949828,1433440
2010/4/16,4817,4843,4804,4838,1656806,1434070
2010/4/19,4802,4817,4733,4752,2397786,1284178
2010/4/20,4770,4777,4744,4772,1686264,1303964
2010/4/21,4765,4772,4733,4759,1698588,1315284
2010/4/22,4750,4767,4728,4734,1372024,1370598
2010/4/23,4732,4746,4723,4740,1211784,1334926
2010/4/26,4758,4763,4724,4734,1249174,1354608
2010/4/27,4721,4726,4667,4678,1613854,1268344
2010/4/28,4621,4649,4585,4588,1844532,1244012
2010/4/29,4594,4619,4577,4583,1839246,1268800
2010/4/30,4596,4638,4590,4635,1755184,1170234
2010/5/4,4616,4676,4609,4665,2101884,1186942
2010/5/5,4620,4662,4613,4653,2260862,1273452
2010/5/6,4656,4679,4631,4637,2128592,1234420
2010/5/7,4610,4618,4537,4545,2467400,1164612
2010/5/10,4572,4580,4489,4534,2868580,1248212
2010/5/11,4530,4548,4475,4479,2786906,1212108
2010/5/12,4471,4474,4395,4406,3290276,1241468
2010/5/13,4412,4427,4372,4400,3072762,1297804
2010/5/14,4389,4421,4363,4367,2932552,1269804
2010/5/17,4320,4329,4178,4186,3300006,1042606
2010/5/18,4200,4244,4138,4209,4119684,1041862
2010/5/19,4152,4250,4148,4223,3850530,1023638
2010/5/20,4248,4297,4229,4251,3534040,1111734
2010/5/21,4228,4244,4162,4228,3508858,1110908
2010/5/24,4278,4321,4258,4318,2764508,1175894
2010/5/25,4293,4313,4260,4264,3080458,1093622
2010/5/26,4300,4301,4252,4272,2833618,1170856
2010/5/27,4260,4284,4225,4270,3119880,1225088
2010/5/28,4293,4313,4250,4256,2863524,1199618
2010/5/31,4237,4257,4215,4215,2445792,1216832
2010/6/1,4201,4213,4173,4178,2637978,1194980
2010/6/2,4173,4204,4148,4185,3162462,1199922
2010/6/3,4203,4215,4182,4200,2346362,1187648
2010/6/4,4170,4183,4162,4180,1565600,1130706
2010/6/7,4059,4084,4007,4021,3841098,1189516
2010/6/8,4035,4063,4030,4061,1724628,1108706
2010/6/9,4068,4110,4043,4103,1783182,1064854
2010/6/10,4089,4100,4068,4082,1456194,994730
2010/6/11,4098,4125,4092,4111,1156696,904970
2010/6/17,4130,4147,4111,4112,1009838,979222
2010/6/18,4111,4123,4086,4088,1199582,1048366
2010/6/21,4106,4174,4088,4163,2300688,1077552
2010/6/22,4130,4157,4128,4138,1298120,1073596
2010/6/23,4099,4117,4059,4080,2372220,1022420
2010/6/24,4087,4109,4081,4101,1308862,984610
2010/6/25,4100,4101,4074,4084,1070706,966066
2010/6/28,4102,4108,4028,4039,2150916,978348
2010/6/29,4022,4036,3980,3994,1921912,926822
2010/6/30,3975,3989,3958,3985,1170668,841566
2010/7/1,3975,3985,3952,3960,1225388,850456
2010/7/2,3955,3981,3921,3975,1924718,827466
2010/7/5,3970,3998,3954,3989,1474782,860436
2010/7/6,3972,3995,3957,3964,1352474,864992
2010/7/7,3964,3978,3955,3965,914838,852552
2010/7/8,3985,4000,3933,3935,1464000,980932
2010/7/9,3933,3958,3912,3950,1754442,909114
2010/7/12,3950,3955,3932,3943,1167004,844098
2010/7/13,3939,3942,3906,3917,788188,768088
2010/7/14,3918,3928,3892,3906,613036,713666
2010/7/15,3902,3925,3886,3909,397954,647852
2010/7/16,4058,4068,4046,4066,959706,679620
2010/7/19,4050,4139,4045,4135,2277276,830550
2010/7/20,4138,4190,4128,4187,2555240,864878
2010/7/21,4190,4198,4166,4177,2335760,866754
2010/7/22,4183,4191,4163,4173,1789848,913076
2010/7/23,4190,4234,4187,4223,2843082,1034370
2010/7/26,4222,4235,4203,4215,1946230,1069838
2010/7/27,4215,4217,4152,4155,1954296,1102482
2010/7/28,4154,4223,4145,4220,2041104,1259150
2010/7/29,4218,4242,4196,4216,2417326,1233180
2010/7/30,4219,4287,4215,4285,3301522,1203746
2010/8/2,4310,4353,4305,4327,2677346,1258936
2010/8/3,4341,4347,4295,4298,2552662,1232048
2010/8/4,4296,4326,4274,4324,2686216,1264022
2010/8/5,4330,4347,4286,4302,925990,1255884
2010/8/6,4291,4324,4285,4317,2006040,1233682
2010/8/9,4320,4380,4320,4379,2477098,1341754
2010/8/10,4378,4385,4353,4357,2026632,1271876
2010/8/11,4351,4407,4350,4361,3105900,1331284
2010/8/12,4342,4343,4298,4301,2221398,1317378
2010/8/13,4320,4334,4295,4334,2033386,1351294
2010/8/16,4325,4372,4318,4361,1985172,1366418
2010/8/17,4370,4385,4344,4367,2247598,1280464
2010/8/18,4387,4392,4361,4361,1856012,1216194
2010/8/19,4365,4378,4341,4365,1708774,1213606
2010/8/20,4351,4354,4308,4311,1710370,1178686
2010/8/23,4316,4318,4254,4261,2087788,1185450
2010/8/24,4249,4278,4234,4238,1999438,1131506
2010/8/25,4219,4245,4212,4225,1604320,1137160
2010/8/26,4240,4260,4236,4257,1313978,1133676
2010/8/27,4263,4272,4246,4268,1229674,1119014
2010/8/30,4295,4334,4284,4333,2095560,1162306
2010/8/31,4310,4344,4306,4312,2163030,1113860
2010/9/1,4328,4372,4318,4352,2424564,1098080
2010/9/2,4380,4395,4370,4386,1718938,1105294
2010/9/3,4400,4400,4358,4365,1469524,1087286
2010/9/6,4471,4592,4452,4584,2910994,1221910
2010/9/7,4584,4592,4547,4568,2476508,1189394
2010/9/8,4568,4568,4531,4538,1885662,1217574
2010/9/9,4550,4558,4340,4439,2771568,1092142
2010/9/10,4445,4500,4434,4494,2418896,1197244
2010/9/13,4529,4541,4470,4481,2154444,1151560
2010/9/14,4483,4484,4406,4418,2420840,1159224
2010/9/15,4432,4435,4401,4417,2034404,1110354
2010/9/16,4419,4434,4350,4366,2315300,1090372
2010/9/17,4370,4383,4351,4359,1860220,1081302
2010/9/20,4370,4418,4356,4378,2509684,1048714
2010/9/21,4370,4378,4305,4317,1475212,880984
2010/9/27,4337,4343,4255,4258,1525280,906172
2010/9/28,4250,4283,4231,4251,1256640,844016
2010/9/29,4246,4285,4217,4240,1267204,781670
2010/9/30,4221,4265,4196,4263,1146126,751058
2010/10/8,4262,4297,4247,4279,801136,737044
2010/10/11,4320,4372,4319,4341,1108146,779330
2010/10/12,4328,4329,4291,4304,564110,697770
2010/10/13,4322,4329,4297,4324,410494,601846
2010/10/14,4330,4336,4283,4291,312192,551962
2010/10/15,4279,4312,4267,4311,248112,486378
2010/10/18,4478,4554,4472,4520,2626080,1041522
2010/10/19,4550,4553,4465,4488,620062,973342
2010/10/20,4410,4448,4377,4421,1837350,893744
2010/10/21,4438,4459,4414,4427,1943500,921992
2010/10/22,4420,4431,4403,4413,1104678,863446
2010/10/25,4430,4516,4422,4510,2565054,1076484
2010/10/26,4519,4525,4470,4477,2136466,1005426
2010/10/27,4494,4540,4471,4486,3459542,1014438
2010/10/28,4499,4525,4490,4504,1680382,1008602
2010/10/29,4500,4515,4475,4505,1531558,941652
2010/11/1,4520,4562,4519,4553,1697620,1100574
2010/11/2,4558,4567,4535,4542,1159876,1007590
2010/11/3,4565,4588,4541,4551,1720450,1002842
2010/11/4,4575,4610,4563,4606,1534004,1216284
2010/11/5,4650,4733,4644,4708,2644480,1190582
2010/11/8,4730,4730,4679,4709,1628332,1125614
2010/11/9,4720,4906,4710,4854,2925024,1202140
2010/11/10,4842,4886,4730,4770,2664716,1026544
2010/11/11,4785,4852,4743,4793,2438760,1046018
2010/11/12,4795,4795,4571,4637,4421772,879838
2010/11/15,4590,4694,4590,4667,2758176,871004
2010/11/16,4678,4687,4632,4646,1799372,849250
2010/11/17,4529,4574,4491,4550,2693604,772888
2010/11/18,4589,4621,4563,4611,1649710,747278
2010/11/19,4644,4666,4584,4643,807644,694868
2010/11/22,4632,4671,4622,4644,1375458,707436
2010/11/23,4630,4645,4589,4607,1595554,690430
2010/11/24,4615,4699,4598,4695,1586012,788806
2010/11/25,4701,4738,4680,4683,1677462,758480
2010/11/26,4684,4697,4630,4650,1482902,713490
2010/11/29,4660,4680,4635,4668,921840,699648
2010/11/30,4659,4666,4612,4634,945702,635964
2010/12/1,4632,4688,4626,4678,777228,635332
2010/12/2,4708,4724,4675,4685,786242,641072
2010/12/3,4693,4745,4685,4728,1185750,724502
2010/12/6,4737,4744,4705,4719,675060,695742
2010/12/7,4723,4771,4710,4760,873766,751160
2010/12/8,4740,4758,4711,4712,631582,678242
2010/12/9,4735,4743,4712,4715,599348,639992
2010/12/10,4708,4732,4693,4727,488184,630880
2010/12/13,4730,4789,4728,4779,699028,644824
2010/12/14,4770,4791,4760,4782,134514,631422
2010/12/15,4778,4814,4751,4772,756702,634042
2010/12/16,4765,4787,4757,4767,389226,625876
2010/12/17,4767,4794,4767,4791,406692,625434
2010/12/20,4810,4827,4770,4801,574278,629708
2010/12/21,4811,4832,4803,4822,482152,686696
2010/12/22,4830,4831,4783,4794,463988,636140
2010/12/23,4798,4799,4763,4774,387802,632388
2010/12/24,4776,4784,4743,4762,377644,621460
2010/12/27,4736,4770,4720,4734,407238,615062
2010/12/28,4738,4755,4737,4744,261366,598940
2010/12/29,4747,4778,4721,4770,496128,608974
2010/12/30,4766,4792,4752,4791,322462,574712
2010/12/31,4778,4814,4778,4812,279364,568186
2011/1/4,4830,4843,4805,4822,275428,576934
2011/1/5,4800,4817,4789,4793,214902,561420
2011/1/6,4806,4825,4802,4809,186136,557852
2011/1/7,4800,4828,4777,4793,369032,553694
2011/1/10,4801,4851,4801,4834,436038,549690
2011/1/11,4834,4844,4828,4843,183264,535096
2011/1/12,4860,4866,4833,4847,223236,543014
2011/1/13,4860,4865,4843,4861,168582,528286
2011/1/14,4866,4918,4852,4903,354032,544148
2011/1/17,4905,4933,4898,4919,252814,531762
2011/1/18,4916,4929,4887,4913,208070,518064
2011/1/19,4923,4941,4911,4931,179098,500434
2011/1/20,4921,4931,4913,4918,143046,486856
2011/1/21,4902,4956,4897,4950,236038,476296
2011/1/24,4959,4976,4950,4965,163504,462662
2011/1/25,4959,4978,4953,4967,111670,454316
2011/1/26,4956,4962,4920,4949,105288,441722
2011/1/27,4954,4958,4893,4930,167810,405718
2011/1/28,4920,4943,4919,4936,50848,386380
2011/1/31,4936,5000,4936,4996,80326,357876
2011/2/1,5001,5023,4985,5022,57202,342150
2011/2/9,5003,5028,4998,5013,19596,319272
2011/2/10,5120,5199,5120,5188,396576,501100
2011/2/11,5190,5230,5163,5167,466606,480486
2011/2/14,5180,5182,5145,5153,90050,489438
2011/2/15,5162,5196,5153,5157,304650,495618
2011/2/16,5140,5140,5078,5102,543684,497640
2011/2/17,5105,5118,5007,5018,720920,521872
2011/2/18,5038,5046,4985,4985,525722,548366
2011/2/21,4990,5041,4970,5026,557856,587800
2011/2/22,5030,5064,4950,5000,666140,597838
2011/2/23,4957,4974,4931,4940,482982,629114
2011/2/24,4955,4960,4880,4892,616964,682908
2011/2/25,4905,4916,4861,4869,565278,678728
2011/2/28,4882,4912,4872,4899,434022,651826
2011/3/1,4911,4924,4816,4837,731978,708380
2011/3/2,4828,4857,4795,4847,562724,693768
2011/3/3,4845,4878,4797,4813,751100,761310
2011/3/4,4820,4828,4770,4816,651168,743146
2011/3/7,4818,4843,4802,4832,631320,770410
2011/3/8,4802,4842,4755,4773,984616,781120
2011/3/9,4771,4795,4757,4771,489862,781434
2011/3/10,4751,4752,4678,4679,676322,823608
2011/3/11,4672,4694,4651,4656,661172,797976
2011/3/14,4660,4741,4641,4733,1037316,798722
2011/3/15,4733,4781,4712,4774,1033572,772908
2011/3/16,4770,4835,4755,4832,978500,734950
2011/3/17,4805,4849,4795,4817,907000,718996
2011/3/18,4836,4848,4741,4756,1146010,797818
2011/3/21,4753,4754,4652,4653,1023590,822988
2011/3/22,4642,4686,4627,4648,1033120,818002
2011/3/23,4657,4737,4650,4728,1126490,791080
2011/3/24,4736,4760,4684,4717,1152720,797750
2011/3/25,4734,4743,4705,4730,795444,762456
2011/3/28,4750,4796,4744,4779,1028210,715432
2011/3/29,4780,4824,4765,4814,1028516,724372
2011/3/30,4827,4833,4775,4794,938002,728002
2011/3/31,4786,4818,4767,4794,771454,690710
2011/4/1,4799,4801,4757,4780,608806,634050
2011/4/6,4780,4876,4777,4875,864980,706730
2011/4/7,4877,4888,4854,4884,689870,680536
2011/4/8,4890,4915,4865,4906,663624,662366
2011/4/11,4921,4937,4893,4920,782902,690536
2011/4/12,4902,4918,4878,4903,722554,672600
2011/4/13,4870,4922,4860,4922,790810,745686
2011/4/14,4910,4931,4901,4907,753410,727450
2011/4/15,4905,4917,4819,4828,1083956,738934
2011/4/18,4820,4852,4797,4844,684450,715936
2011/4/19,4828,4840,4758,4774,819568,682002
2011/4/20,4787,4821,4783,4814,515118,664864
2011/4/21,4832,4874,4832,4849,621160,648452
2011/4/22,4860,4880,4837,4873,616360,633202
2011/4/25,4885,4893,4863,4879,445524,645296
2011/4/26,4862,4906,4840,4896,822422,684212
2011/4/27,4910,4922,4876,4885,720386,705452
2011/4/28,4898,4933,4891,4906,725214,687486
2011/4/29,4901,4917,4857,4915,677640,690702
2011/5/3,4923,4965,4923,4953,615802,762378
2011/5/4,4954,4960,4915,4941,780342,790724
2011/5/5,4928,4936,4884,4913,1149526,862822
2011/5/6,4850,4858,4798,4804,1210132,829936
2011/5/9,4820,4829,4795,4829,791070,813590
2011/5/10,4829,4852,4816,4848,669430,785918
2011/5/11,4857,4866,4819,4822,760998,802496
2011/5/12,4780,4810,4766,4782,908112,835010
2011/5/13,4803,4852,4801,4850,750692,772270
2011/5/16,4841,4857,4816,4818,625414,755132
2011/5/17,4821,4833,4794,4823,704750,713876
2011/5/18,4830,4846,4803,4814,603848,725590
2011/5/19,4841,4847,4817,4830,632336,703244
2011/5/20,4830,4835,4810,4825,475234,669742
2011/5/23,4835,4839,4777,4779,890966,812312
2011/5/24,4775,4811,4773,4808,566942,755734
2011/5/25,4802,4834,4795,4823,654382,634160
2011/5/26,4835,4844,4816,4828,412936,628180
2011/5/27,4822,4838,4818,4837,313608,611938
2011/5/30,4841,4885,4841,4874,539472,651092
2011/5/31,4878,4892,4859,4875,394798,640362
2011/6/1,4877,4885,4866,4866,274402,633092
2011/6/2,4856,4864,4839,4861,336312,605980
2011/6/3,4864,4874,4855,4867,279022,617294
2011/6/7,4857,4865,4847,4864,231614,607166
2011/6/8,4864,4886,4830,4869,601300,608688
2011/6/9,4876,4876,4847,4849,249354,604638
2011/6/10,4859,4865,4848,4853,277644,615044
2011/6/13,4838,4839,4798,4807,564454,674334
2011/6/14,4797,4824,4792,4812,354396,655490
2011/6/15,4821,4822,4795,4796,379038,688972
2011/6/16,4787,4795,4768,4781,425240,715990
2011/6/17,4782,4785,4722,4731,652846,750336
2011/6/20,4721,4730,4685,4688,592942,791518
2011/6/21,4696,4715,4671,4713,707462,759378
2011/6/22,4706,4723,4686,4694,475884,749732
2011/6/23,4689,4743,4683,4734,741634,783322
2011/6/24,4735,4750,4713,4731,463758,738568
2011/6/27,4721,4736,4703,4704,523074,733238
2011/6/28,4706,4719,4695,4706,429408,738172
2011/6/29,4718,4730,4707,4726,403054,713514
2011/6/30,4736,4755,4729,4753,397386,688972
2011/7/1,4745,4749,4723,4726,324670,675094
2011/7/4,4730,4798,4728,4792,138942,682496
2011/7/5,4793,4818,4781,4788,360500,669242
2011/7/6,4793,4814,4784,4812,443732,701412
2011/7/7,4803,4823,4798,4808,271504,699160
2011/7/8,4820,4828,4805,4808,246078,678188
2011/7/11,4802,4867,4798,4852,479844,703610
2011/7/12,4851,4873,4837,4851,451366,669086
2011/7/13,4862,4895,4858,4887,368078,669560
2011/7/14,4885,4890,4866,4872,249828,669200
2011/7/15,4866,4883,4852,4871,242850,658814
2011/7/18,4865,4925,4865,4902,321730,653022
2011/7/19,4902,4920,4886,4915,260458,646072
2011/7/20,4935,4938,4913,4920,214792,595900
2011/7/21,4917,4925,4906,4913,135100,579714
2011/7/22,4918,4932,4914,4925,128804,562896
2011/7/25,4920,4926,4878,4878,235244,536858
2011/7/26,4880,4906,4873,4898,142480,511682
2011/7/27,4911,4924,4902,4917,129560,463392
2011/7/28,4905,4935,4888,4934,130958,438050
2011/7/29,4945,4947,4924,4929,76998,428138
2011/8/1,4940,4984,4940,4975,151324,417968
2011/8/2,4965,4989,4951,4983,81716,404138
2011/8/3,4983,5005,4973,4987,110882,379610
2011/8/4,4978,4989,4975,4980,62082,355810
2011/8/5,4930,4945,4888,4915,164828,305330
2011/8/8,4773,4805,4758,4782,442792,331082
2011/8/9,4700,4780,4558,4765,714626,330744
2011/8/10,4791,4819,4765,4790,315144,338218
2011/8/11,4740,4809,4730,4799,405052,350220
2011/8/12,4815,4829,4802,4809,265628,345042
2011/8/15,4823,4855,4822,4854,292272,342508
2011/8/16,4865,4870,4821,4833,355402,367796
2011/8/17,4831,4865,4831,4863,277946,345084
2011/8/18,4871,4874,4826,4830,312972,361206
2011/8/19,4797,4818,4790,4814,289870,366976
2011/8/22,4818,4845,4808,4816,257766,345502
2011/8/23,4828,4836,4808,4821,236868,350814
2011/8/24,4830,4843,4821,4822,167130,347002
2011/8/25,4821,4827,4788,4816,341162,371032
2011/8/26,4820,4822,4788,4800,272536,374306
2011/8/29,4800,4801,4762,4768,420624,450478
2011/8/30,4774,4818,4772,4810,410528,387580
2011/8/31,4813,4838,4812,4831,273296,352384
2011/9/1,4834,4842,4821,4829,220308,350956
2011/9/2,4825,4833,4812,4832,194100,351100
2011/9/5,4828,4839,4780,4800,316342,353730
2011/9/6,4797,4800,4783,4794,291110,379026
2011/9/7,4802,4836,4802,4825,233728,335348
2011/9/8,4838,4838,4801,4803,173872,328512
2011/9/9,4799,4812,4788,4791,302432,372096
2011/9/13,4775,4798,4767,4783,251742,373752
2011/9/14,4790,4796,4743,4760,365870,403682
2011/9/15,4764,4769,4738,4744,318196,443436
2011/9/16,4752,4759,4721,4732,326688,462024
2011/9/19,4700,4709,4614,4622,560730,576692
2011/9/20,4622,4624,4585,4611,458478,587802
2011/9/21,4602,4650,4598,4633,514054,555024
2011/9/22,4590,4603,4555,4568,479962,576086
2011/9/23,4480,4549,4455,4514,787892,529596
2011/9/26,4500,4522,4366,4398,767490,551898
2011/9/27,4490,4490,4420,4448,684634,501436
2011/9/28,4460,4469,4387,4403,567204,510834
2011/9/29,4293,4348,4282,4298,588950,492928
2011/9/30,4315,4352,4290,4339,575992,490908
2011/10/10,4370,4373,4308,4317,365708,506172
2011/10/11,4340,4390,4316,4322,649940,523834
2011/10/12,4305,4354,4255,4350,755110,512508
2011/10/13,4347,4350,4302,4318,580694,539522
2011/10/14,4300,4340,4288,4314,644312,546878
2011/10/17,4312,4325,4172,4178,1498592,761038
2011/10/18,4153,4164,4088,4089,1387200,668088
2011/10/19,4120,4123,4015,4047,1508846,687726
2011/10/20,4000,4000,3838,3922,2327782,667820
2011/10/21,3920,3981,3916,3957,1442362,639122
2011/10/24,3996,4116,3955,4066,1527180,590576
2011/10/25,4090,4129,4015,4021,2134430,637882
2011/10/26,3990,4043,3978,4039,1412636,579486
2011/10/27,4050,4069,4026,4040,876566,555452
2011/10/28,4099,4146,4048,4123,1811052,582662
2011/10/31,4133,4159,4070,4123,1214182,564216
2011/11/1,4130,4132,4052,4055,1146696,543542
2011/11/2,4020,4065,3965,4065,896308,443858
2011/11/3,4020,4053,3988,4006,1123376,610550
2011/11/4,4040,4129,4034,4121,1263124,557462
2011/11/7,4116,4140,4086,4106,1012902,558058
2011/11/8,4123,4151,4099,4141,990748,588526
2011/11/9,4151,4180,4135,4161,1116592,643116
2011/11/10,4100,4108,3998,4050,1368526,671870
2011/11/11,4074,4155,4070,4149,1183642,623586
2011/11/14,4180,4219,4170,4189,1131236,634106
2011/11/15,4162,4180,4150,4157,822576,663378
2011/11/16,4169,4211,4128,4134,961878,697734
2011/11/17,4150,4185,4130,4178,830074,646612
2011/11/18,4119,4167,4100,4154,751194,631848
2011/11/21,4150,4157,4055,4086,1401414,788422
2011/11/22,4051,4092,4040,4089,909468,766244
2011/11/23,4089,4104,4035,4039,884400,821198
2011/11/24,4020,4079,3995,4073,1285402,794762
2011/11/25,4059,4069,4028,4045,803564,798492
2011/11/28,4075,4102,4050,4084,849788,781192
2011/11/29,4090,4132,4086,4125,1079002,704976
2011/11/30,4126,4139,4070,4075,995530,727588
2011/12/1,4222,4247,4156,4174,1022786,696346
2011/12/2,4158,4168,4138,4163,746252,677270
2011/12/5,4161,4177,4157,4164,554640,677940
2011/12/6,4160,4162,4125,4160,659802,700240
2011/12/7,4174,4184,4155,4182,505738,675364
2011/12/8,4170,4178,4153,4176,544826,646684
2011/12/9,4151,4180,4149,4169,503062,658106
2011/12/12,4180,4180,4151,4168,573072,666992
2011/12/13,4151,4159,4133,4151,608374,679584
2011/12/14,4141,4162,4131,4153,455048,686318
2011/12/15,4100,4138,4100,4124,686992,702476
2011/12/16,4131,4190,4128,4189,798448,706494
2011/12/19,4189,4190,4154,4170,658816,684474
2011/12/20,4169,4183,4161,4174,493206,698906
2011/12/21,4197,4204,4175,4181,557858,694326
2011/12/22,4181,4208,4168,4206,553946,698516
2011/12/23,4208,4231,4201,4226,730982,682206
2011/12/26,4225,4244,4218,4226,613024,655242
2011/12/27,4225,4243,4222,4235,456354,655136
2011/12/28,4238,4243,4218,4236,515666,630046
2011/12/29,4220,4233,4198,4201,498938,621264
2011/12/30,4202,4214,4186,4210,658394,615478
2012/1/4,4235,4236,4158,4159,750376,700316
2012/1/5,4153,4194,4145,4178,675912,706862
2012/1/6,4168,4196,4163,4196,520202,663620
2012/1/9,4187,4193,4160,4185,573424,680172
2012/1/10,4185,4217,4175,4215,479106,654236
2012/1/11,4227,4233,4206,4224,419336,642846
2012/1/12,4223,4231,4211,4223,327884,623656
2012/1/13,4230,4235,4213,4229,345620,615220
2012/1/16,4210,4245,4202,4240,386556,566390
2012/1/17,4243,4315,4242,4295,611252,524682
2012/1/18,4296,4321,4287,4301,442328,504012
2012/1/19,4310,4319,4298,4310,219488,463212
2012/1/20,4310,4334,4298,4323,292970,435502
2012/1/30,4321,4347,4317,4320,243356,465236
2012/1/31,4320,4326,4258,4297,410132,507670
2012/2/1,4288,4302,4284,4285,299214,508090
2012/2/2,4294,4320,4291,4318,349826,544700
2012/2/3,4318,4332,4310,4332,260168,527582
2012/2/6,4340,4349,4323,4330,323560,525090
2012/2/7,4330,4335,4272,4274,629716,576332
2012/2/8,4284,4342,4278,4337,648606,560084
2012/2/9,4328,4337,4290,4297,584068,536830
2012/2/10,4300,4313,4282,4286,530728,582990
2012/2/13,4267,4279,4240,4261,563756,611924
2012/2/14,4250,4265,4247,4252,348404,627824
2012/2/15,4253,4256,4186,4189,941858,744456
2012/2/16,4175,4188,4155,4169,810224,727332
2012/2/17,4183,4192,4148,4157,669080,715732
2012/2/20,4190,4192,4168,4178,482652,717338
2012/2/21,4180,4228,4172,4228,785570,644934
2012/2/22,4230,4258,4222,4251,570998,575884
2012/2/23,4248,4255,4225,4237,410754,548332
2012/2/24,4231,4239,4215,4234,355322,548120
2012/2/27,4247,4289,4240,4278,376758,507470
2012/2/28,4273,4295,4267,4295,255536,473012
2012/2/29,4290,4305,4276,4300,176002,438012
2012/3/1,4285,4308,4277,4277,140788,401742
2012/3/2,4294,4307,4286,4299,456356,465446
2012/3/5,4295,4309,4251,4267,669090,551168
2012/3/6,4269,4282,4256,4268,536342,539444
2012/3/7,4238,4259,4230,4253,484642,564836
2012/3/8,4264,4291,4262,4281,563258,569716
2012/3/9,4291,4325,4291,4319,612186,577316
2012/3/12,4331,4339,4318,4335,468382,576982
2012/3/13,4335,4347,4332,4341,392306,593444
2012/3/14,4359,4359,4313,4325,676324,616210
2012/3/15,4321,4340,4310,4337,528178,612814
2012/3/16,4348,4352,4318,4335,517400,621602
2012/3/19,4331,4346,4324,4343,432844,636916
2012/3/20,4346,4353,4327,4333,452686,623888
2012/3/21,4326,4358,4325,4358,588074,667340
2012/3/22,4358,4367,4346,4355,659168,674628
2012/3/23,4352,4355,4338,4347,422408,680868
2012/3/26,4350,4361,4345,4354,372336,678352
2012/3/27,4362,4371,4355,4367,407734,671392
2012/3/28,4365,4368,4345,4345,451900,674062
2012/3/29,4338,4342,4313,4320,540574,672526
2012/3/30,4319,4333,4314,4324,345926,633168
2012/4/5,4318,4366,4291,4354,605464,625232
2012/4/6,4356,4387,4353,4385,549764,661546
2012/4/9,4379,4402,4371,4379,574556,683320
2012/4/10,4373,4393,4373,4384,394568,689470
2012/4/11,4361,4383,4361,4377,523552,693124
2012/4/12,4378,4399,4378,4392,462932,706234
2012/4/13,4401,4405,4368,4377,621482,724314
2012/4/16,4353,4362,4327,4329,594708,741412
2012/4/17,4335,4344,4318,4322,476884,797950
2012/4/18,4331,4348,4321,4342,564466,772084
2012/4/19,4332,4339,4304,4315,605156,806406
2012/4/20,4312,4325,4298,4313,586164,777478
2012/4/23,4315,4315,4277,4281,665438,824890
2012/4/24,4278,4291,4259,4270,527752,837318
2012/4/25,4273,4276,4251,4274,558496,843210
2012/4/26,4275,4291,4271,4290,418862,815718
2012/4/27,4294,4298,4268,4269,353310,822962
2012/5/2,4276,4284,4245,4245,519396,887738
2012/5/3,4238,4252,4234,4239,533682,919550
2012/5/4,4236,4256,4233,4256,418102,889260
2012/5/7,4239,4244,4215,4221,407846,898932
2012/5/8,4226,4233,4210,4213,371850,911356
2012/5/9,4203,4209,4170,4186,580940,899800
2012/5/10,4202,4203,4180,4190,332824,894218
2012/5/11,4187,4189,4148,4150,492612,861212
2012/5/14,4169,4173,4133,4135,745890,947592
2012/5/15,4128,4128,4055,4090,924586,925666
2012/5/16,4070,4098,4050,4050,607326,937712
2012/5/17,4052,4094,4051,4092,638094,852884
2012/5/18,4079,4084,4052,4074,686552,851364
2012/5/21,4074,4099,4070,4090,606156,837528
2012/5/22,4099,4112,4060,4074,809816,879042
2012/5/23,4050,4054,3996,4019,1042850,931882
2012/5/24,4015,4028,4003,4026,655206,921992
2012/5/25,4030,4043,4011,4037,524750,892400
2012/5/28,4039,4095,4034,4089,963548,865698
2012/5/29,4080,4118,4072,4115,1030062,833710
2012/5/30,4100,4109,4086,4100,953146,813640
2012/5/31,4070,4119,4066,4103,973950,807896
2012/6/1,4100,4115,4086,4095,944006,830054
2012/6/4,4068,4075,4020,4033,1231588,860760
2012/6/5,4060,4103,4048,4084,972224,733542
2012/6/6,4085,4113,4080,4096,885018,724412
2012/6/7,4111,4130,4096,4102,778964,706388
2012/6/8,4105,4129,4094,4108,1191296,739728
2012/6/11,4125,4142,4114,4123,741206,725218
2012/6/12,4103,4110,4081,4100,712798,720776
2012/6/13,4107,4114,4096,4102,533996,702018
2012/6/14,4097,4118,4090,4110,481418,671926
2012/6/15,4119,4127,4112,4122,409160,642464
2012/6/18,4132,4140,4123,4129,364904,666680
2012/6/19,4125,4132,4120,4126,256138,635290
2012/6/20,4130,4151,4129,4143,483222,636454
2012/6/21,4128,4137,4115,4118,379938,585392
2012/6/25,4102,4119,4095,4107,463042,604280
2012/6/26,4112,4115,4074,4076,617964,713346
2012/6/27,4080,4081,4060,4063,484836,768006
2012/6/28,4067,4086,4067,4085,379936,713198
2012/6/29,4078,4084,4040,4068,843166,676846
2012/7/2,4100,4100,4028,4044,854094,751256
2012/7/3,4041,4085,4031,4078,653576,658896
2012/7/4,4082,4099,4062,4089,640286,651698
2012/7/5,4084,4099,4076,4094,450050,642628
2012/7/6,4095,4099,4077,4089,283642,627244
2012/7/9,4070,4071,4042,4050,425282,623452
2012/7/10,4047,4050,3983,3995,555058,575580
2012/7/11,3988,4011,3968,3991,357636,493122
2012/7/12,3930,3939,3896,3919,736684,713406
2012/7/13,3920,3943,3902,3941,630962,675720
2012/7/16,3939,3941,3882,3889,986768,825206
2012/7/17,3885,3888,3846,3861,752682,837088
2012/7/18,3852,3874,3843,3864,835022,822178
2012/7/19,3860,3869,3819,3825,968184,886826
2012/7/20,3822,3824,3747,3750,1159334,991670
2012/7/23,3700,3721,3652,3694,1227760,899612
2012/7/24,3695,3730,3678,3709,1260600,967980
2012/7/25,3685,3737,3683,3703,1405498,933194
2012/7/26,3713,3730,3697,3719,989854,925746
2012/7/27,3726,3768,3719,3762,1037448,925732
2012/7/30,3769,3776,3733,3757,1012648,944776
2012/7/31,3763,3782,3760,3772,821244,916736
2012/8/1,3765,3765,3698,3703,1678160,1031552
2012/8/2,3696,3698,3663,3670,1234526,1070120
2012/8/3,3641,3687,3631,3672,1244096,1046092
2012/8/6,3675,3699,3650,3682,1390930,1110756
2012/8/7,3679,3688,3666,3687,732526,1110332
2012/8/8,3690,3691,3663,3667,765114,1138444
2012/8/9,3666,3692,3666,3691,767376,1116080
2012/8/10,3685,3727,3682,3721,1400090,1108132
2012/8/13,3720,3733,3679,3683,1078680,1128142
2012/8/14,3685,3696,3656,3666,1374224,1104328
2012/8/15,3659,3688,3646,3669,1266004,1125980
2012/8/16,3666,3673,3655,3659,728748,1169666
2012/8/17,3664,3670,3614,3626,1588862,1316468
2012/8/20,3625,3628,3599,3607,1009572,1329060
2012/8/21,3597,3603,3578,3591,1006330,1331784
2012/8/22,3590,3611,3555,3557,1195010,1366848
2012/8/23,3559,3568,3519,3542,1742896,1412890
2012/8/24,3527,3533,3507,3509,1144222,1407854
2012/8/27,3506,3524,3492,3513,1389552,1404416
2012/8/28,3499,3499,3455,3455,1588554,1503702
2012/8/29,3450,3453,3327,3443,4248630,1414494
2012/8/30,3434,3452,3381,3437,3642486,1501790
2012/8/31,3417,3433,3403,3411,1434984,1483790
2012/9/3,3390,3390,3350,3351,2325202,1570730
2012/9/4,3331,3340,3276,3282,3096626,1624078
2012/9/5,3270,3303,3218,3228,3465662,1730492
2012/9/6,3217,3287,3206,3271,4560416,1694804
2012/9/7,3269,3406,3263,3406,5904994,1364242
2012/9/10,3433,3508,3407,3497,6013514,1379270
2012/9/11,3492,3496,3436,3461,5094204,1310058
2012/9/12,3451,3506,3433,3457,5648582,1339758
2012/9/13,3450,3478,3433,3455,3291088,1247188
2012/9/14,3520,3623,3516,3561,3939892,1216626
2012/9/17,3538,3571,3508,3554,4057076,1315204
2012/9/18,3530,3598,3530,3582,3381252,1246998
2012/9/19,3590,3638,3584,3638,3454768,1369624
2012/9/20,3620,3637,3478,3483,5945784,1489836
2012/9/21,3496,3503,3436,3477,5590522,1432492
2012/9/24,3472,3560,3457,3543,4451502,1314338
2012/9/25,3558,3587,3530,3547,4346548,1235604
2012/9/26,3531,3570,3503,3527,3972964,1110218
2012/9/27,3516,3643,3512,3568,2635030,974894
2012/9/28,3578,3599,3549,3597,1570792,875432
2012/10/8,3625,3668,3616,3656,2233666,927702
2012/10/9,3680,3686,3647,3667,2280276,972650
2012/10/10,3657,3699,3640,3682,2433162,1034882
2012/10/11,3662,3675,3611,3634,2350360,1063166
2012/10/12,3638,3671,3616,3639,1924836,1010092
2012/10/15,3602,3631,3568,3582,1898218,983264
2012/10/16,3585,3614,3563,3611,1401176,898022
2012/10/17,3615,3650,3598,3638,1319502,879232
2012/10/18,3648,3665,3638,3646,735628,859442
2012/10/19,3644,3651,3623,3644,682734,779378
2012/10/22,3644,3680,3629,3679,578494,723570
2012/10/23,3733,3746,3653,3660,3274936,807508
2012/10/24,3653,3693,3647,3684,2505778,817404
2012/10/25,3680,3698,3653,3679,2395024,863754
2012/10/26,3674,3702,3655,3683,2704280,834678
2012/10/29,3686,3696,3616,3619,2832374,1001290
2012/10/30,3615,3640,3608,3628,1686068,969376
2012/10/31,3630,3637,3589,3634,2547820,977100
2012/11/1,3631,3689,3626,3679,2278022,949778
2012/11/2,3675,3695,3654,3676,2174920,947470
2012/11/5,3655,3675,3617,3641,2523272,991722
2012/11/6,3650,3658,3621,3642,1975530,998532
2012/11/7,3648,3657,3624,3634,2034904,1075158
2012/11/8,3605,3638,3594,3627,1699292,1059268
2012/11/9,3635,3673,3628,3640,2328602,1070130
2012/11/12,3631,3677,3620,3666,2321464,1085660
2012/11/13,3660,3670,3641,3649,1684364,1060402
2012/11/14,3654,3657,3627,3642,1462954,1052238
2012/11/15,3635,3661,3633,3644,1467342,1057280
2012/11/16,3643,3658,3635,3643,1045096,1002998
2012/11/19,3637,3639,3542,3544,3246954,1409880
2012/11/20,3555,3565,3539,3552,1898612,1344640
2012/11/21,3555,3579,3551,3570,1448990,1254238
2012/11/22,3568,3571,3533,3564,2306830,1259764
2012/11/23,3557,3577,3552,3571,1350758,1194220
2012/11/26,3560,3567,3543,3553,1309970,1214056
2012/11/27,3551,3555,3521,3537,2012380,1255278
2012/11/28,3530,3541,3524,3525,1196026,1279238
2012/11/29,3520,3521,3467,3468,2321780,1448140
2012/11/30,3476,3495,3464,3495,2288480,1352618
2012/12/3,3483,3568,3482,3551,2248004,1257752
2012/12/4,3546,3569,3536,3562,1566298,1226182
2012/12/5,3565,3632,3554,3619,2635092,1240148
2012/12/6,3621,3635,3582,3595,2215104,1244484
2012/12/7,3595,3658,3590,3656,2735394,1361540
2012/12/10,3666,3707,3664,3679,2309468,1332976
2012/12/11,3673,3690,3653,3664,2102290,1344042
2012/12/12,3664,3703,3655,3691,2896950,1477650
2012/12/13,3695,3703,3667,3684,2130976,1423328
2012/12/14,3683,3790,3676,3786,3537308,1486718
2012/12/17,3788,3836,3779,3812,2635746,1412708
2012/12/18,3816,3841,3789,3819,3239534,1420642
2012/12/19,3812,3827,3793,3818,2751466,1462176
2012/12/20,3813,3822,3764,3789,3037022,1421808
2012/12/21,3779,3832,3772,3793,2602290,1353428
2012/12/24,3783,3796,3770,3790,1615326,1365516
2012/12/25,3785,3885,3780,3873,3741282,1384046
2012/12/26,3870,3883,3862,3878,1777464,1332364
2012/12/27,3895,3958,3857,3869,3370406,1178716
2012/12/28,3870,3916,3869,3916,1984868,1161322
2012/12/31,3921,3993,3916,3988,2403872,1120288
2013/1/4,4018,4023,3966,3990,2305966,1208310
2013/1/7,4029,4047,3994,4004,2896484,1391856
2013/1/8,4014,4020,3968,4010,2523894,1372826
2013/1/9,4009,4015,3976,3998,2208806,1368910
2013/1/10,3994,4030,3982,4020,2885508,1431692
2013/1/11,4022,4029,3918,3925,3186202,1280732
2013/1/14,3930,4026,3893,4004,3884908,1342386
2013/1/15,4005,4012,3969,3977,2434790,1356304
2013/1/16,3965,3969,3896,3934,2696402,1325568
2013/1/17,3930,3948,3899,3946,2441574,1307512
2013/1/18,3960,4004,3952,4002,2346678,1286920
2013/1/21,3991,4012,3962,3965,2373354,1305804
2013/1/22,3969,3990,3945,3987,2299268,1304862
2013/1/23,3990,4055,3980,4053,2698600,1479668
2013/1/24,4053,4067,3997,4032,3701298,1433814
2013/1/25,4040,4085,4035,4076,3541296,1579068
2013/1/28,4075,4080,4056,4068,1843148,1430354
2013/1/29,4061,4075,4043,4069,1691260,1395986
2013/1/30,4071,4131,4071,4114,2323038,1437552
2013/1/31,4126,4130,4100,4127,1470028,1332500
2013/2/1,4121,4170,4111,4168,2108662,1376852
2013/2/4,4179,4235,4174,4221,1635588,1213904
2013/2/5,4201,4205,4117,4140,2017310,918566
2013/2/6,4150,4151,4094,4109,1140156,832292
2013/2/7,4114,4135,4086,4124,698148,686640
2013/2/8,4125,4139,4115,4127,313548,605274
2013/2/18,4130,4150,4055,4059,363908,566734
2013/2/19,4176,4215,4170,4186,2235174,824122
2013/2/20,4186,4204,4151,4171,2488120,937888
2013/2/21,4150,4158,4048,4085,3687920,930782
2013/2/22,4070,4086,4028,4036,2204304,896062
2013/2/25,4040,4049,3998,4016,2454538,1013830
2013/2/26,3981,4029,3952,3956,2555394,1008308
2013/2/27,3970,4012,3950,3985,3189356,1050706
2013/2/28,3990,4065,3990,4053,2850614,1054902
2013/3/1,4042,4048,3961,4020,3355966,1082892
2013/3/4,3975,3988,3886,3905,3849710,1059834
2013/3/5,3915,3949,3891,3939,2716096,1037108
2013/3/6,3940,3966,3912,3937,2898962,982080
2013/3/7,3937,3950,3916,3932,2965220,1072756
2013/3/8,3954,3961,3890,3928,3281084,1092024
2013/3/11,3910,3939,3867,3908,3337874,1133562
2013/3/12,3903,3925,3873,3892,3068960,1171904
2013/3/13,3897,3899,3820,3833,3500908,1366146
2013/3/14,3822,3825,3741,3765,4004748,1364686
2013/3/15,3771,3920,3766,3860,5026726,1271742
2013/3/18,3833,3863,3784,3829,3577042,1195430
2013/3/19,3830,3849,3818,3843,2203092,1204186
2013/3/20,3820,3885,3818,3869,2625516,1220062
2013/3/21,3885,3928,3873,3902,3353754,1297650
2013/3/22,3886,3922,3875,3878,2310298,1256686
2013/3/25,3883,3926,3883,3912,2660564,1326226
2013/3/26,3905,3945,3863,3882,3247988,1350068
2013/3/27,3892,3916,3880,3889,2457468,1359820
2013/3/28,3900,3907,3813,3824,3561236,1322634
2013/3/29,3788,3840,3767,3810,3018070,1236224
2013/4/1,3793,3797,3710,3723,3542394,1306514
2013/4/2,3735,3773,3705,3769,3538772,1270064
2013/4/3,3760,3819,3754,3798,3385088,1213050
2013/4/8,3780,3845,3767,3835,3242552,1234734
2013/4/9,3845,3861,3820,3847,2947542,1266528
2013/4/10,3859,3862,3823,3847,2389752,1263392
2013/4/11,3845,3888,3825,3825,3273172,1305330
2013/4/12,3825,3844,3813,3838,2996150,1303604
2013/4/15,3800,3803,3711,3738,3987768,1343486
2013/4/16,3680,3763,3665,3750,3767686,1246650
2013/4/17,3766,3776,3678,3699,4528234,1385760
2013/4/18,3621,3685,3598,3651,4790564,1309182
2013/4/19,3667,3697,3640,3686,3372174,1237650
2013/4/22,3703,3717,3644,3647,2922738,1316448
2013/4/23,3653,3664,3584,3600,3521808,1419388
2013/4/24,3604,3684,3578,3645,4241852,1386522
2013/4/25,3646,3669,3625,3648,2396330,1354752
2013/4/26,3671,3683,3600,3600,2970358,1354180
2013/5/2,3550,3573,3530,3542,2305084,1483374
2013/5/3,3552,3610,3545,3581,3389276,1508334
2013/5/6,3630,3650,3610,3622,3028888,1586646
2013/5/7,3614,3658,3600,3624,3265900,1523294
2013/5/8,3625,3670,3622,3669,2720554,1506188
2013/5/9,3666,3674,3606,3621,2967078,1582518
2013/5/10,3610,3646,3587,3639,3589116,1592226
2013/5/13,3630,3687,3622,3656,4345924,1602764
2013/5/14,3658,3668,3611,3633,3436982,1574890
2013/5/15,3620,3628,3553,3554,3618224,1799162
2013/5/16,3552,3582,3526,3549,3824096,1907684
2013/5/17,3555,3628,3523,3622,6341490,1729264
2013/5/20,3611,3644,3602,3606,3901306,1753440
2013/5/21,3616,3626,3567,3590,3908044,1762772
2013/5/22,3585,3613,3564,3594,4240470,1821140
2013/5/23,3581,3586,3551,3553,3435060,1757896
2013/5/24,3559,3584,3555,3571,2843938,1675270
2013/5/27,3553,3554,3496,3496,3902784,1986072
2013/5/28,3499,3508,3479,3491,3063140,2004210
2013/5/29,3478,3500,3433,3439,3584080,2243676
2013/5/30,3422,3455,3420,3438,3320608,2219482
2013/5/31,3441,3459,3411,3416,3382890,2255896
2013/6/3,3430,3485,3430,3483,3917834,2072250
2013/6/4,3488,3494,3456,3478,2956270,1991328
2013/6/5,3479,3490,3463,3482,2330462,1893602
2013/6/6,3465,3471,3411,3421,3189430,1888554
2013/6/7,3419,3425,3391,3421,2436136,1795652
2013/6/13,3391,3442,3386,3422,2399476,1734358
2013/6/14,3419,3432,3382,3424,2815678,1779256
2013/6/17,3460,3508,3453,3477,3047306,1792016
2013/6/18,3483,3492,3472,3485,1845984,1815248
2013/6/19,3486,3530,3464,3526,3455300,1995066
2013/6/20,3512,3515,3454,3482,3944130,1791418
2013/6/21,3450,3547,3431,3516,5428592,1880368
2013/6/24,3501,3505,3442,3450,4130862,1673382
2013/6/25,3459,3466,3415,3456,3419640,1513390
2013/6/26,3456,3469,3418,3425,2039478,1494826
2013/6/27,3435,3486,3415,3471,2095732,1285126
2013/6/28,3463,3502,3460,3488,1223880,1115988
2013/7/1,3481,3496,3465,3484,758412,1032918
2013/7/2,3500,3507,3486,3504,546146,967294
2013/7/3,3508,3555,3500,3548,673242,853096
2013/7/4,3621,3635,3599,3621,2839812,1246056
2013/7/5,3623,3638,3616,3621,2329886,1201610
2013/7/8,3618,3623,3575,3608,3275272,1155656
2013/7/9,3612,3624,3587,3597,2856884,1207044
2013/7/10,3594,3650,3579,3638,3901094,1394478
2013/7/11,3649,3700,3631,3646,4498942,1411580
2013/7/12,3646,3668,3637,3656,2696638,1381970
2013/7/15,3666,3694,3659,3661,2989772,1405440
2013/7/16,3665,3683,3653,3677,2363288,1449548
2013/7/17,3681,3705,3675,3679,2799256,1369088
2013/7/18,3675,3682,3662,3680,1863518,1309816
2013/7/19,3688,3712,3685,3692,2201432,1344314
2013/7/22,3694,3697,3661,3678,1821040,1408464
2013/7/23,3676,3692,3673,3688,1597738,1452482
2013/7/24,3691,3708,3675,3694,2284502,1425146
2013/7/25,3687,3702,3683,3685,1396490,1427222
2013/7/26,3690,3691,3658,3669,1479516,1387950
2013/7/29,3650,3653,3627,3637,1477246,1321388
2013/7/30,3640,3647,3630,3633,1279040,1357868
2013/7/31,3613,3663,3613,3644,1869274,1356836
2013/8/1,3655,3660,3636,3647,1295006,1365752
2013/8/2,3651,3678,3651,3677,1708558,1390302
2013/8/5,3680,3688,3676,3685,965688,1359146
2013/8/6,3687,3693,3671,3691,1206102,1367800
2013/8/7,3693,3720,3685,3715,1876022,1515188
2013/8/8,3725,3748,3721,3743,1660164,1588342
2013/8/9,3744,3758,3718,3755,1876310,1538328
2013/8/12,3768,3812,3760,3810,2069502,1619916
2013/8/13,3819,3842,3804,3838,2064072,1654412
2013/8/14,3838,3848,3805,3819,1789832,1658296
2013/8/15,3825,3833,3815,3819,1497976,1593880
2013/8/16,3823,3838,3802,3811,1833066,1508824
2013/8/19,3802,3843,3785,3812,1892324,1552992
2013/8/20,3810,3828,3792,3796,1517702,1548418
2013/8/21,3796,3807,3786,3789,1150250,1559268
2013/8/22,3777,3799,3762,3769,1747080,1579348
2013/8/23,3772,3820,3771,3817,2136050,1553756
2013/8/26,3827,3848,3802,3813,2048358,1536606
2013/8/27,3801,3830,3776,3818,2137384,1451724
2013/8/28,3817,3835,3765,3767,2350504,1388152
2013/8/29,3768,3790,3727,3749,2330452,1356098
2013/8/30,3733,3769,3732,3753,1441268,1321394
2013/9/2,3765,3797,3763,3787,1452760,1261620
2013/9/3,3793,3799,3741,3745,2010496,1476768
2013/9/4,3744,3756,3729,3737,1309680,1490822
2013/9/5,3731,3748,3723,3732,1201718,1429706
2013/9/6,3729,3733,3705,3723,1544364,1447746
2013/9/9,3732,3764,3732,3752,1343182,1423692
2013/9/10,3751,3755,3721,3736,1186452,1422682
2013/9/11,3731,3742,3716,3727,1304284,1514582
2013/9/12,3723,3734,3710,3713,1060552,1524132
2013/9/13,3709,3710,3655,3657,1823146,1548012
2013/9/16,3661,3668,3628,3647,1416362,1501692
2013/9/17,3645,3661,3636,3647,1199380,1520864
2013/9/18,3640,3643,3618,3633,1376762,1461740
2013/9/23,3629,3656,3612,3655,1429956,1540458
2013/9/24,3653,3664,3626,3627,1224802,1594662
2013/9/25,3627,3637,3617,3626,1026100,1564742
2013/9/26,3625,3628,3605,3613,1024020,1542336
2013/9/27,3610,3612,3570,3576,1164922,1498626
2013/9/30,3586,3598,3581,3587,648414,1384192
2013/10/8,3579,3600,3541,3599,1071150,1412986
2013/10/9,3594,3621,3580,3589,1716768,1482090
2013/10/10,3587,3608,3584,3597,1022460,1461730
2013/10/11,3603,3621,3590,3601,1156954,1507714
2013/10/14,3602,3628,3598,3625,1129852,1455458
2013/10/15,3626,3636,3585,3606,1206938,1479608
2013/10/16,3610,3612,3560,3567,1254510,1503134
2013/10/17,3577,3586,3557,3558,991812,1409634
2013/10/18,3563,3581,3539,3568,1365830,1306888
2013/10/21,3558,3583,3551,3570,769944,1283468
2013/10/22,3565,3577,3555,3557,476304,1288314
2013/10/23,3559,3572,3536,3537,518390,1243242
2013/10/24,3520,3538,3516,3519,443932,1253902
2013/10/25,3521,3530,3485,3486,392180,1203870
2013/10/28,3490,3500,3479,3485,260978,1183736
2013/10/29,3482,3498,3470,3494,405792,1144182
2013/10/30,3498,3521,3487,3521,431352,1041342
2013/10/31,3640,3651,3623,3636,1152622,1199354
2013/11/1,3638,3681,3632,3671,1771784,1326042
2013/11/4,3675,3685,3661,3677,1256126,1439576
2013/11/5,3682,3692,3654,3669,1371586,1517904
2013/11/6,3670,3677,3636,3642,1492144,1526576
2013/11/7,3643,3688,3643,3679,1910172,1501678
2013/11/8,3680,3686,3658,3661,1341632,1513220
2013/11/11,3650,3677,3633,3668,1523286,1466372
2013/11/12,3668,3681,3657,3670,1267998,1483652
2013/11/13,3660,3678,3647,3647,1582304,1519674
2013/11/14,3641,3650,3614,3620,1902964,1519356
2013/11/15,3624,3636,3590,3591,1936398,1601814
2013/11/18,3596,3608,3583,3592,1339696,1572632
2013/11/19,3585,3625,3585,3624,1689192,1538180
2013/11/20,3630,3651,3623,3646,1905328,1632208
2013/11/21,3644,3646,3607,3612,1674888,1624172
2013/11/22,3616,3635,3610,3614,1222570,1571758
2013/11/25,3624,3642,3614,3636,1475922,1571414
2013/11/26,3640,3677,3636,3660,2424668,1609358
2013/11/27,3658,3664,3645,3650,1382060,1632286
2013/11/28,3648,3682,3646,3670,1725370,1544494
2013/11/29,3674,3680,3662,3670,935964,1523448
2013/12/2,3671,3698,3670,3695,1520018,1543206
2013/12/3,3690,3709,3687,3709,1341546,1557234
2013/12/4,3710,3727,3708,3713,1475374,1591704
2013/12/5,3716,3718,3692,3693,1243242,1591636
2013/12/6,3692,3704,3683,3702,1151966,1592986
2013/12/9,3703,3726,3703,3722,1356200,1663624
2013/12/10,3726,3737,3708,3716,1122538,1661188
2013/12/11,3718,3738,3691,3735,1933408,1672764
2013/12/12,3741,3745,3725,3729,1238166,1724520
2013/12/13,3728,3729,3661,3676,2446196,1528546
2013/12/16,3680,3694,3668,3671,1300370,1482104
2013/12/17,3675,3689,3662,3663,1377856,1527492
2013/12/18,3663,3663,3644,3656,1292080,1450908
2013/12/19,3661,3672,3642,3652,1024508,1461744
2013/12/20,3651,3665,3626,3627,1285518,1402016
2013/12/23,3616,3624,3603,3612,1107832,1408834
2013/12/24,3609,3632,3608,3628,984078,1425882
2013/12/25,3632,3640,3592,3603,1342694,1464490
2013/12/26,3601,3610,3583,3604,1270188,1456790
2013/12/27,3603,3621,3596,3612,1316292,1458702
2013/12/30,3612,3628,3567,3573,1487060,1535764
2013/12/31,3574,3592,3562,3570,1260888,1419640
2014/1/2,3562,3592,3562,3590,1019050,1346124
2014/1/3,3587,3588,3528,3540,1260658,1355794
2014/1/6,3531,3540,3512,3515,1107724,1345560
2014/1/7,3517,3520,3462,3465,1517508,1335660
2014/1/8,3453,3481,3449,3469,1222914,1277020
2014/1/9,3466,3488,3451,3456,1310698,1277436
2014/1/10,3452,3497,3441,3492,1624786,1294374
2014/1/13,3484,3494,3449,3462,1229540,1291692
2014/1/14,3462,3496,3456,3492,1233518,1304722
2014/1/15,3488,3507,3481,3498,1169568,1318804
2014/1/16,3501,3509,3472,3481,1286670,1356022
2014/1/17,3478,3478,3452,3470,974250,1351834
2014/1/20,3465,3478,3446,3451,1432548,1333860
2014/1/21,3441,3447,3408,3410,1480214,1410924
2014/1/22,3404,3439,3403,3424,1420846,1343642
2014/1/23,3426,3465,3420,3463,1452702,1367838
2014/1/24,3453,3488,3444,3487,1437284,1293852
2014/1/27,3474,3479,3458,3472,876126,1260676
2014/1/28,3463,3465,3430,3431,964522,1214442
2014/1/29,3430,3452,3420,3443,817008,1149854
2014/1/30,3438,3465,3433,3455,517506,1103700
2014/2/7,3448,3450,3401,3411,926746,1160364
2014/2/10,3404,3428,3380,3421,1560496,1252390
2014/2/11,3412,3427,3385,3386,1192182,1336366
2014/2/12,3383,3406,3382,3393,1140402,1382352
2014/2/13,3399,3415,3383,3395,1091764,1373938
2014/2/14,3400,3417,3395,3412,967856,1300408
2014/2/17,3415,3459,3414,3455,1488420,1323922
2014/2/18,3453,3463,3422,3428,1016036,1279298
2014/2/19,3433,3449,3429,3436,925548,1320644
2014/2/20,3431,3432,3391,3394,1089914,1346680
2014/2/21,3396,3403,3386,3389,798520,1349160
2014/2/24,3384,3387,3308,3326,1518470,1313994
2014/2/25,3325,3342,3295,3308,948250,1227780
2014/2/26,3301,3328,3299,3317,836764,1214770
2014/2/27,3320,3348,3310,3340,935740,1142100
2014/2/28,3339,3344,3298,3318,1029944,1114038
2014/3/3,3320,3331,3296,3324,755248,1100490
2014/3/4,3328,3328,3288,3310,611756,1086978
2014/3/5,3415,3438,3393,3423,2003504,1276708
2014/3/6,3415,3419,3387,3388,1639254,1402296
2014/3/7,3385,3394,3322,3335,2593584,1615348
2014/3/10,3290,3290,3221,3221,1547872,1642986
2014/3/11,3180,3260,3171,3236,2838730,1519850
2014/3/12,3186,3260,3141,3254,3159628,1650522
2014/3/13,3259,3285,3245,3284,2265162,1652640
2014/3/14,3270,3276,3220,3262,2095746,1678554
2014/3/17,3270,3281,3227,3229,2095964,1749124
2014/3/18,3228,3275,3225,3240,2215350,1735142
2014/3/19,3241,3260,3226,3242,2278624,1782028
2014/3/20,3266,3278,3230,3230,2621828,1771492
2014/3/21,3231,3252,3211,3220,2690310,1817176
2014/3/24,3215,3224,3190,3213,2403414,1927104
2014/3/25,3214,3312,3210,3287,4139074,1934416
2014/3/26,3284,3286,3262,3275,1924026,1914626
2014/3/27,3265,3295,3253,3269,2310856,1884442
2014/3/28,3271,3310,3269,3307,2425214,1844754
2014/3/31,3311,3346,3310,3328,2564106,1885346
2014/4/1,3328,3336,3316,3331,1668948,1895238
2014/4/2,3345,3352,3316,3317,2100082,1979114
2014/4/3,3314,3343,3311,3336,2085484,1931950
2014/4/4,3339,3377,3334,3372,2226006,1930628
2014/4/8,3388,3425,3383,3414,2354892,1912244
2014/4/9,3416,3419,3380,3384,1868136,1953718
2014/4/10,3390,3405,3367,3368,2138006,2012070
2014/4/11,3373,3376,3353,3360,1780520,2039264
2014/4/14,3356,3394,3348,3360,2492596,1969124
2014/4/15,3357,3369,3336,3369,2006394,1974872
2014/4/16,3359,3360,3323,3329,2099342,2052922
2014/4/17,3336,3341,3324,3324,1542468,2063784
2014/4/18,3323,3323,3236,3245,3201112,2064662
2014/4/21,3252,3260,3235,3235,1428492,2030240
2014/4/22,3232,3253,3211,3244,2154884,1995910
2014/4/23,3248,3268,3216,3266,2239166,1961378
2014/4/24,3267,3289,3262,3283,2356824,1939726
2014/4/25,3289,3296,3267,3276,1564756,1916820
2014/4/28,3261,3267,3215,3222,1942172,1963936
2014/4/29,3221,3262,3220,3248,1848226,1874704
2014/4/30,3248,3251,3220,3227,1441202,1901300
2014/5/5,3220,3245,3191,3238,1698470,1883836
2014/5/6,3236,3249,3217,3225,1505276,1874680
2014/5/7,3221,3232,3195,3195,2484126,1896356
2014/5/8,3185,3203,3172,3181,2125730,1928384
2014/5/9,3182,3187,3158,3168,1775258,2032596
2014/5/12,3152,3194,3152,3193,2050244,2017262
2014/5/13,3198,3202,3162,3165,1784628,2039246
2014/5/14,3166,3180,3161,3166,1489994,2036486
2014/5/15,3164,3174,3130,3131,1974658,2154638
2014/5/16,3127,3130,3063,3090,2660116,2218336
2014/5/19,3081,3107,3072,3080,2610682,2226070
2014/5/20,3077,3085,3062,3068,1942194,2238202
2014/5/21,3068,3087,3055,3075,2248696,2150690
2014/5/22,3072,3116,3072,3079,2761430,2094096
2014/5/23,3085,3094,3073,3081,1680760,2071328
2014/5/26,3088,3147,3087,3140,2753950,1839978
2014/5/27,3140,3156,3127,3144,1714528,1784900
2014/5/28,3139,3145,3102,3116,2123098,1840938
2014/5/29,3114,3126,3108,3111,1509232,1794108
2014/5/30,3106,3106,3047,3056,2382866,1912636
2014/6/3,3058,3069,3040,3057,1874874,1970174
2014/6/4,3055,3069,3052,3061,1628800,1932578
2014/6/5,3065,3078,3034,3067,2458340,1938826
2014/6/6,3068,3085,3061,3079,2035658,1838346
2014/6/9,3073,3085,3057,3064,1694312,1856136
2014/6/10,3069,3080,3043,3068,2473368,1890506
2014/6/11,3068,3072,3045,3046,1734420,1940310
2014/6/12,3041,3048,3026,3027,1792726,1948214
2014/6/13,3018,3048,3015,3029,2031862,1936712
2014/6/16,3018,3024,3000,3001,2032034,2153526
2014/6/17,2999,3025,2994,3018,2207960,2157526
2014/6/18,3020,3027,3005,3009,1468542,2130640
2014/6/19,3008,3023,3004,3009,1592270,2079866
2014/6/20,3010,3046,2999,3044,2709728,1992646
2014/6/23,3041,3077,3041,3072,2300392,1889014
2014/6/24,3065,3069,3047,3064,1704490,1873336
2014/6/25,3064,3086,3063,3079,1605680,1800718
2014/6/26,3085,3119,3082,3115,2398494,1753342
2014/6/27,3115,3122,3086,3088,1650420,1653302
2014/6/30,3090,3091,3070,3076,1335024,1558656
2014/7/1,3082,3088,3062,3069,1441298,1484996
2014/7/2,3072,3100,3049,3097,1760900,1274240
2014/7/3,3103,3115,3080,3083,845736,1234914
2014/7/4,3084,3098,3075,3084,688790,1176392
2014/7/7,3090,3093,3060,3075,728938,1133176
2014/7/8,3091,3118,3078,3116,1986526,1386416
2014/7/9,3116,3118,3092,3095,1700376,1365142
2014/7/10,3093,3136,3088,3113,2917146,1475538
2014/7/11,3115,3131,3109,3128,2612894,1570544
2014/7/14,3131,3154,3128,3146,2366372,1690300
2014/7/15,3148,3155,3136,3145,1722738,1664316
2014/7/16,3145,3149,3132,3132,1383160,1668250
2014/7/17,3129,3139,3120,3121,1637226,1567548
2014/7/18,3118,3119,3046,3051,2746716,1560876
2014/7/21,3064,3064,3041,3042,1814832,1572372
2014/7/22,3039,3062,3039,3045,1790502,1622970
2014/7/23,3043,3048,3031,3036,1823528,1612398
2014/7/24,3031,3055,3028,3034,2238246,1667220
2014/7/25,3039,3052,3032,3048,1784238,1668390
2014/7/28,3045,3081,3045,3076,2703224,1708728
2014/7/29,3085,3115,3076,3105,2990810,1833300
2014/7/30,3098,3100,3070,3072,2289602,1765312
2014/7/31,3073,3084,3065,3069,1561388,1764542
2014/8/1,3062,3081,3051,3067,2294988,1689858
2014/8/4,3064,3108,3060,3106,2945594,1792204
2014/8/5,3106,3123,3097,3102,2952628,1833066
2014/8/6,3094,3120,3091,3104,2590882,1907528
2014/8/7,3108,3125,3100,3100,2228166,1912780
2014/8/8,3097,3106,3076,3087,2247990,1883600
2014/8/11,3085,3099,3062,3062,2524660,2013784
2014/8/12,3057,3069,3052,3063,1791422,1958004
2014/8/13,3063,3072,3042,3044,2678436,2064394
2014/8/14,3041,3046,3020,3021,2142998,2062498
2014/8/15,3018,3037,3014,3031,2373268,2108850
2014/8/18,3030,3036,3006,3010,2453272,2250508
2014/8/19,3009,3027,3003,3015,1979616,2295054
2014/8/20,3010,3012,2990,2990,2240678,2458260
2014/8/21,2991,2995,2980,2983,1873434,2541766
2014/8/22,2980,3001,2979,2986,1949942,2505568
2014/8/25,2975,2978,2961,2974,1933578,2414526
2014/8/26,2975,2990,2964,2979,1727058,2430328
2014/8/27,2983,2989,2964,2965,2003836,2443898
2014/8/28,2961,2969,2926,2937,3218868,2495702
2014/8/29,2932,2947,2927,2940,1913484,2394980
2014/9/1,2943,2943,2914,2915,2147522,2434214
2014/9/2,2915,2929,2896,2910,3632038,2628046
2014/9/3,2902,2905,2850,2853,3861960,2886792
2014/9/4,2854,2863,2837,2838,3927914,2868164
2014/9/5,2839,2847,2826,2834,3371838,2818022
2014/9/9,2820,2830,2766,2768,4192656,2948842
2014/9/10,2760,2812,2725,2780,6590504,2852396
2014/9/11,2774,2784,2749,2757,3729686,2896688
2014/9/12,2756,2791,2752,2790,3984704,2783510
2014/9/15,2812,2832,2801,2826,4585390,2664612
2014/9/16,2826,2834,2782,2788,5159490,2752500
2014/9/17,2805,2814,2782,2804,4392080,2791110
2014/9/18,2796,2797,2766,2767,3746742,2929410
2014/9/19,2758,2764,2708,2714,5731296,3169344
2014/9/22,2694,2696,2619,2619,5027012,3256790
2014/9/23,2610,2648,2591,2616,6227118,3026502
2014/9/24,2612,2637,2609,2616,4575332,2998686
2014/9/25,2613,2622,2538,2548,7750420,3122290
2014/9/26,2544,2624,2538,2590,9099322,2843064
2014/9/29,2585,2598,2519,2529,6766200,2875606
2014/9/30,2538,2562,2526,2532,3750178,2660780
2014/10/8,2555,2570,2507,2513,4365294,2856360
2014/10/9,2513,2565,2510,2550,4927310,2794390
2014/10/10,2543,2597,2531,2575,5180206,2513134
2014/10/13,2606,2664,2600,2663,5580374,2257876
2014/10/14,2662,2671,2631,2649,3412412,2227624
2014/10/15,2654,2674,2634,2654,3637952,2154008
2014/10/16,2635,2683,2603,2655,4556070,1863742
2014/10/17,2656,2674,2632,2646,2264754,1797848
2014/10/20,2648,2673,2638,2669,1831026,1662916
2014/10/21,2611,2623,2596,2597,3350458,2339914
2014/10/22,2599,2602,2537,2547,5402296,2680018
2014/10/23,2541,2560,2523,2533,5723920,2794432
2014/10/24,2533,2558,2527,2554,4631784,2846846
2014/10/27,2557,2566,2541,2549,3682354,2892028
2014/10/28,2544,2559,2530,2548,4006168,3004050
2014/10/29,2548,2590,2542,2589,5199588,2957606
2014/10/30,2591,2620,2580,2590,6061352,2916078
2014/10/31,2589,2595,2563,2565,5027740,2879160
2014/11/3,2560,2583,2541,2542,5634362,2961516
2014/11/4,2535,2570,2529,2558,5819806,2906518
2014/11/5,2554,2567,2512,2513,6212778,3087708
2014/11/6,2522,2537,2512,2526,5593508,3058706
2014/11/7,2527,2550,2506,2536,6886784,3084412
2014/11/10,2559,2575,2548,2557,6817834,3095808
2014/11/11,2555,2562,2537,2552,4467210,3053776
2014/11/12,2560,2568,2542,2554,5140482,3135662
2014/11/13,2549,2550,2518,2520,4548416,3381994
2014/11/14,2515,2535,2514,2524,3606306,3346100
2014/11/17,2529,2535,2507,2514,4282336,3575030
2014/11/18,2508,2509,2431,2442,7893790,3964608
2014/11/19,2441,2461,2433,2446,5697686,3710612
2014/11/20,2447,2459,2437,2439,4135288,3714442
2014/11/21,2423,2459,2417,2448,6265558,3647780
2014/11/24,2471,2479,2436,2437,5317852,3665980
2014/11/25,2435,2452,2424,2450,5293080,3754542
2014/11/26,2442,2455,2431,2448,4756278,3776768
2014/11/27,2457,2539,2453,2539,8196212,3320700
2014/11/28,2522,2575,2516,2548,7732948,3025046
2014/12/1,2529,2546,2505,2521,6595664,2899736
2014/12/2,2548,2556,2482,2503,6316698,2981040
2014/12/3,2499,2539,2492,2532,6837216,2900456
2014/12/4,2534,2593,2532,2567,7936068,2887066
2014/12/5,2569,2576,2549,2560,4642740,2878208
2014/12/8,2565,2591,2540,2542,5658862,2824108
2014/12/9,2535,2557,2505,2557,6535982,2778466
2014/12/10,2558,2572,2537,2563,6050896,2772068
2014/12/11,2558,2603,2551,2566,6475540,2683542
2014/12/12,2566,2591,2563,2585,5607560,2694108
2014/12/15,2590,2596,2570,2570,3293514,2694464
2014/12/16,2555,2557,2529,2548,4504078,2519776
2014/12/17,2536,2549,2531,2540,3543628,2514310
2014/12/18,2545,2554,2519,2546,4590180,2482426
2014/12/19,2550,2571,2545,2567,3740938,2487740
2014/12/22,2560,2564,2502,2513,5049920,2422176
2014/12/23,2497,2497,2463,2467,4548628,2404168
2014/12/24,2466,2503,2461,2496,3938452,2318724
2014/12/25,2494,2497,2476,2482,2427210,2286124
2014/12/26,2483,2488,2473,2480,1877152,2283830
2014/12/29,2476,2524,2466,2519,3040750,2335410
2014/12/30,2519,2608,2512,2608,6385038,2250496
2014/12/31,2618,2626,2575,2594,4148900,2120260
2015/1/5,2550,2570,2540,2560,2891694,2212768
2015/1/6,2551,2647,2548,2619,7434538,2279112
2015/1/7,2615,2615,2568,2585,4317868,2225372
2015/1/8,2585,2603,2563,2579,3696668,2206252
2015/1/9,2584,2588,2546,2557,3561070,2156408
2015/1/12,2557,2585,2501,2502,5204600,2193666
2015/1/13,2498,2514,2483,2511,3337222,2189134
2015/1/14,2499,2520,2456,2487,5060470,2181418
2015/1/15,2483,2524,2472,2519,4426394,2191982
2015/1/16,2519,2532,2497,2510,3898388,2247512
2015/1/19,2499,2526,2470,2516,5840042,2161770
2015/1/20,2512,2528,2486,2488,3804648,2224690
2015/1/21,2485,2513,2470,2472,4067256,2226796
2015/1/22,2461,2491,2460,2479,3426746,2207310
2015/1/23,2478,2496,2471,2484,3686640,2299782
2015/1/26,2482,2486,2441,2450,4693054,2326654
2015/1/27,2454,2467,2449,2455,2345892,2285488
2015/1/28,2463,2475,2454,2474,2453880,2243590
2015/1/29,2472,2513,2470,2507,3767108,2260960
2015/1/30,2514,2514,2491,2498,2275316,2208752
2015/2/2,2503,2526,2486,2492,2749940,2057418
2015/2/3,2496,2504,2473,2474,2576944,1912324
2015/2/4,2480,2512,2466,2467,2889450,1794316
2015/2/5,2480,2492,2472,2472,1784504,1728068
2015/2/6,2476,2497,2475,2496,1633356,1588346
2015/2/9,2495,2509,2465,2478,1506170,1597580
2015/2/10,2477,2495,2476,2489,826546,1507600
2015/2/11,2492,2495,2480,2490,605922,1471758
2015/2/12,2490,2495,2474,2489,691294,1460666
2015/2/13,2488,2520,2487,2514,1430356,1521308
2015/2/16,2514,2549,2509,2524,1218768,1552574
2015/2/17,2524,2530,2504,2521,804402,1527150
2015/2/25,2513,2514,2475,2483,890868,1463886
2015/2/26,2486,2509,2485,2505,863160,1547910
2015/2/27,2510,2510,2462,2464,1378260,1612236
